model,accuracy,macro_F1,prec_real,rec_real,f1_real,prec_fake,rec_fake,f1_fake,roc_auc,pr_auc
baseline,0.8337904552934723,0.7799085557182559,0.89240972733972,0.8852339181286549,0.8888073394495413,0.6630901287553648,0.6791208791208792,0.6710097719869706,0.8661075766338924,0.7581193270276352
bigru,0.8222709818979704,0.7718503754519329,0.8978658536585366,0.8611111111111112,0.8791044776119403,0.6281800391389433,0.7054945054945055,0.6645962732919255,0.8645861448493027,0.7552475603419855
cnn,0.8310477235326386,0.7792596436602663,0.8961136023916293,0.8764619883040936,0.8861788617886179,0.6515463917525773,0.6945054945054945,0.6723404255319149,0.8667791273054433,0.7556548290701448
hybrid,0.8535381239714755,0.8161607768413062,0.9310884886452623,0.8691520467836257,0.899054820415879,0.6721611721611722,0.8065934065934066,0.7332667332667333,0.9117987275882014,0.8230011239401063
